Match Date,Home Team,Away Team,Score,Points Home Team,Points Away Team,Total Points,Attendance,Referee,Referee Nationality,Kickoff Time
23 May 1987,Australia,England,19–6,19,6,25,"17,896",Keith Lawrence,New Zealand,
24 May 1987,Japan,United States,18–21,18,21,39,"4,000",Guy Maurette,France,
30 May 1987,England,Japan,60–7,60,7,67,"4,893",René Hourquet,France,
31 May 1987,Australia,United States,47–12,47,12,59,"10,855",Brian Anderson,Scotland,
3 June 1987,England,United States,34–6,34,6,40,"8,785",Kerry Fitzgerald,Australia,
3 June 1987,Australia,Japan,42–23,42,23,65,"8,785",Jim Fleming,Scotland,
24 May 1987,Canada,Tonga,37–4,37,4,41,"7,000",Clive Norling,Wales,
25 May 1987,Ireland,Wales,6–13,6,13,19,"15,000",Kerry Fitzgerald,Australia,
29 May 1987,Tonga,Wales,16–29,16,29,45,"19,000",Dave Bishop,New Zealand,
30 May 1987,Canada,Ireland,19–46,19,46,65,"9,000",Fred Howard,England,
3 June 1987,Canada,Wales,9–40,9,40,49,"14,000",Dave Bishop,New Zealand,
3 June 1987,Ireland,Tonga,32–9,32,9,41,"4,000",Guy Maurette,France,
22 May 1987,New Zealand,Italy,70–6,70,6,76,"20,000",Bob Fordham,Australia,
24 May 1987,Argentina,Fiji,9–28,9,28,37,"13,000",Jim Fleming,Scotland,
27 May 1987,New Zealand,Fiji,74–13,74,13,87,"25,000",Derek Bevan,Wales,
28 May 1987,Argentina,Italy,25–16,25,16,41,"2,000",Roger Quittenton,England,
31 May 1987,Fiji,Italy,15–18,15,18,33,"13,000",Keith Lawrence,New Zealand,
1 June 1987,New Zealand,Argentina,46–15,46,15,61,"30,000",Roger Quittenton,England,
23 May 1987,Romania,Zimbabwe,21–20,21,20,41,"4,500",Stephen Hilditch,Ireland,
23 May 1987,France,Scotland,20–20,20,20,40,"18,000",Fred Howard,England,
28 May 1987,France,Romania,55–12,55,12,67,"7,000",Bob Fordham,Australia,
30 May 1987,Scotland,Zimbabwe,60–21,60,21,81,"12,000",David Burnett,Ireland,
2 June 1987,Romania,Scotland,28–55,28,55,83,"14,000",Stephen Hilditch,Ireland,
2 June 1987,France,Zimbabwe,70–12,70,12,82,"3,000",Derek Bevan,Wales,
6 June 1987,New Zealand,Scotland,30–3,30,3,33,"30,000",David Burnett,Ireland,
7 June 1987,Australia,Ireland,33–15,33,15,48,"14,356",Brian Anderson,Scotland,
7 June 1987,Fiji,France,16–31,16,31,47,"17,000",Clive Norling,Wales,
8 June 1987,England,Wales,3–16,3,16,19,"15,000",René Hourquet,France,
13 June 1987,Australia,France,24–30,24,30,54,"17,768",Brian Anderson,Scotland,
14 June 1987,New Zealand,Wales,49–6,49,6,55,"22,576",Kerry Fitzgerald,Australia,
18 June 1987,Australia,Wales,21–22,21,22,43,"29,000",Fred Howard,England,
20 June 1987,New Zealand,France,29–9,29,9,38,"48,035",Kerry Fitzgerald,Australia,
3 October 1991,England,New Zealand,12–18,12,18,30,"57,000",Jim Fleming,Scotland,
5 October 1991,Italy,United States,30–9,30,9,39,"7,500",Owen Doyle,Ireland,
8 October 1991,New Zealand,United States,46–6,46,6,52,"12,000",Efraim Sklar,Argentina,
8 October 1991,England,Italy,36–6,36,6,42,"30,000",Brian Anderson,Scotland,
11 October 1991,England,United States,37–9,37,9,46,"45,000",Les Peard,Wales,
13 October 1991,Italy,New Zealand,21–31,21,31,52,"15,711",Kerry Fitzgerald,Australia,
5 October 1991,Scotland,Japan,47–9,47,9,56,"40,000",Ed Morrison,England,
6 October 1991,Ireland,Zimbabwe,55–11,55,11,66,"40,000",Keith Lawrence,New Zealand,
9 October 1991,Ireland,Japan,32–16,32,16,48,"30,000",Laikini Colati,Fiji,
9 October 1991,Scotland,Zimbabwe,51–12,51,12,63,"35,000",Don Reordan,United States,
12 October 1991,Scotland,Ireland,24–15,24,15,39,"54,000",Fred Howard,England,
14 October 1991,Japan,Zimbabwe,52–8,52,8,60,"9,500",René Hourquet,France,
4 October 1991,Argentina,Australia,19–32,19,32,51,"11,000",Dave Bishop,New Zealand,
6 October 1991,Wales,Western Samoa,13–16,13,16,29,"45,000",Patrick Robin,France,
9 October 1991,Australia,Western Samoa,9–3,9,3,12,"15,000",Ed Morrison,England,
9 October 1991,Wales,Argentina,16–7,16,7,23,"35,000",René Hourquet,France,
12 October 1991,Wales,Australia,3–38,3,38,41,"54,000",Keith Lawrence,New Zealand,
13 October 1991,Argentina,Western Samoa,12–35,12,35,47,"8,500",Brian Anderson,Scotland,
4 October 1991,France,Romania,30–3,30,3,33,"22,000",Les Peard,Wales,
5 October 1991,Canada,Fiji,13–3,13,3,16,"5,000",Kerry Fitzgerald,Australia,
8 October 1991,France,Fiji,33–9,33,9,42,"18,548",Derek Bevan,Wales,
9 October 1991,Canada,Romania,19–11,19,11,30,"10,000",Sandy MacNeill,Australia,
12 October 1991,Fiji,Romania,15–17,15,17,32,"8,500",Owen Doyle,Ireland,
13 October 1991,France,Canada,19–13,19,13,32,"15,000",Stephen Hilditch,Ireland,
19 October 1991,France,England,10–19,10,19,29,"48,500",Dave Bishop,New Zealand,
19 October 1991,Scotland,Western Samoa,28–6,28,6,34,"54,000",Derek Bevan,Wales,
20 October 1991,Ireland,Australia,18–19,18,19,37,"54,500",Jim Fleming,Scotland,
20 October 1991,Canada,New Zealand,13–29,13,29,42,"30,360",Fred Howard,England,
26 October 1991,Scotland,England,6–9,6,9,15,"54,000",Kerry Fitzgerald,Australia,
27 October 1991,Australia,New Zealand,16–6,16,6,22,"54,000",Jim Fleming,Scotland,
30 October 1991,New Zealand,Scotland,13–6,13,6,19,"47,000",Stephen Hilditch,Ireland,
2 November 1991,Australia,England,12–6,12,6,18,"56,208",Derek Bevan,Wales,
25 May 1995,South Africa,Australia,27–18,27,18,45,"44,778",Derek Bevan,Wales,
26 May 1995,Canada,Romania,34–3,34,3,37,"8,000",Colin Hawke,New Zealand,
30 May 1995,South Africa,Romania,21–8,21,8,29,"45,000",Ken McCartney,Scotland,
31 May 1995,Australia,Canada,27–11,27,11,38,"16,000",Patrick Robin,France,
3 June 1995,Australia,Romania,42–3,42,3,45,"15,542",Naoki Saito,Japan,
3 June 1995,South Africa,Canada,20–0,20,0,20,"31,000",David McHugh,Ireland,
27 May 1995,Italy,Western Samoa,18–42,18,42,60,"7,868",Joël Dume,France,
27 May 1995,Argentina,England,18–24,18,24,42,"35,000",Jim Fleming,Scotland,
30 May 1995,Western Samoa,Argentina,32–26,32,26,58,"7,960",Dave Bishop,New Zealand,
31 May 1995,England,Italy,27–20,27,20,47,"45,093",Stephen Hilditch,Ireland,
4 June 1995,Argentina,Italy,25–31,25,31,56,"7,571",Clayton Thomas,Wales,
4 June 1995,England,Western Samoa,44–22,44,22,66,"35,000",Patrick Robin,France,
27 May 1995,Japan,Wales,10–57,10,57,67,"15,000",Efrahim Sklar,Argentina,
27 May 1995,Ireland,New Zealand,19–43,19,43,62,"38,000",Wayne Erickson,Australia,
31 May 1995,Ireland,Japan,50–28,50,28,78,"15,000",Stef Neethling,South Africa,
31 May 1995,New Zealand,Wales,34–9,34,9,43,"45,000",Ed Morrison,England,
4 June 1995,Japan,New Zealand,17–145,17,145,162,"25,000",George Gadjovic,Canada,
4 June 1995,Ireland,Wales,24–23,24,23,47,"40,000",Ian Rogers,South Africa,
26 May 1995,Ivory Coast,Scotland,0–89,0,89,89,"20,000",Felise Vito,Western Samoa,
26 May 1995,France,Tonga,38–10,38,10,48,"22,000",Steve Lander,England,
29 May 1995,France,Ivory Coast,54–18,54,18,72,"10,000",Han Moon,South Korea,
29 May 1995,Scotland,Tonga,41–5,41,5,46,"21,000",Barry Leask,Australia,
3 June 1995,Ivory Coast,Tonga,11–29,11,29,40,"15,000",Don Reordan,United States,
3 June 1995,France,Scotland,22–19,22,19,41,"39,000",Wayne Erickson,Australia,
10 June 1995,France,Ireland,36–12,36,12,48,"20,000",Ed Morrison,England,
10 June 1995,South Africa,Western Samoa,42–14,42,14,56,"54,169",Jim Fleming,Scotland,
11 June 1995,England,Australia,25–22,25,22,47,"35,448",Dave Bishop,New Zealand,
11 June 1995,New Zealand,Scotland,48–30,48,30,78,"28,000",Derek Bevan,Wales,
17 June 1995,South Africa,France,19–15,19,15,34,"49,773",Derek Bevan,Wales,
18 June 1995,England,New Zealand,29–45,29,45,74,"43,414",Stephen Hilditch,Ireland,
22 June 1995,France,England,19–9,19,9,28,"44,000",Dave Bishop,New Zealand,
24 June 1995,South Africa,New Zealand,15–12,15,12,27,"59,870",Ed Morrison,England,
2 October 1999,Spain ,Uruguay,15–27,15,27,42,"3,761",Chris White,England,
3 October 1999,Scotland ,South Africa,29–46,29,46,75,"57,612",Colin Hawke,New Zealand,
8 October 1999,Scotland ,Uruguay,43–12,43,12,55,"9,463",Stuart Dickinson,Australia,
10 October 1999,South Africa ,Spain,47–3,47,3,50,"4,769",Paul Honiss,New Zealand,
15 October 1999,South Africa ,Uruguay,39–3,39,3,42,"3,500",Peter Marshall,Australia,
16 October 1999,Scotland ,Spain,48–0,48,0,48,"17,593",Clayton Thomas,Wales,
2 October 1999,England ,Italy,67–7,67,7,74,"73,470",André Watson,South Africa,
3 October 1999,New Zealand ,Tonga,45–9,45,9,54,"22,000",Derek Bevan,Wales,
9 October 1999,England ,New Zealand,16–30,16,30,46,"72,000",Peter Marshall,Australia,
10 October 1999,Italy ,Tonga,25–28,25,28,53,"10,244",David McHugh,Ireland,
14 October 1999,New Zealand ,Italy,101–3,101,3,104,"24,000",Jim Fleming,Scotland,
15 October 1999,England ,Tonga,101–10,101,10,111,"72,485",Wayne Erickson,Australia,
1 October 1999,Fiji ,Namibia,67–18,67,18,85,"10,000",David McHugh,Ireland,
2 October 1999,France ,Canada,33–20,33,20,53,"18,000",Brian Campsall,England,
8 October 1999,France ,Namibia,47–13,47,13,60,"34,030",Chris White,England,
9 October 1999,Fiji ,Canada,38–22,38,22,60,"27,000",Ed Morrison,England,
14 October 1999,Canada ,Namibia,72–11,72,11,83,"28,000",Andrew Cole,Australia,
16 October 1999,France ,Fiji,28–19,28,19,47,"36,000",Paddy O,New Zealand,
1 October 1999,Wales ,Argentina,23–18,23,18,41,"72,500",Paddy O,New Zealand,
3 October 1999,Samoa ,Japan,43–9,43,9,52,"15,000",Andrew Cole,Australia,
9 October 1999,Wales ,Japan,64–15,64,15,79,"72,500",Joël Dume,France,
10 October 1999,Argentina ,Samoa,32–16,32,16,48,"11,000",Wayne Erickson,Australia,
14 October 1999,Wales ,Samoa,31–38,31,38,69,"72,500",Ed Morrison,England,
16 October 1999,Argentina ,Japan,33–12,33,12,45,"36,000",Stuart Dickinson,Australia,
2 October 1999,Ireland ,United States,53–8,53,8,61,"30,000",Joël Dume,France,
3 October 1999,Australia ,Romania,57–9,57,9,66,"12,500",Paul Honiss,New Zealand,
9 October 1999,United States ,Romania,25–27,25,27,52,"3,000",Jim Fleming,Scotland,
10 October 1999,Ireland ,Australia,3–23,3,23,26,"49,250",Clayton Thomas,Wales,
14 October 1999,Australia ,United States,55–19,55,19,74,"13,000",André Watson,South Africa,
15 October 1999,Ireland ,Romania,44–14,44,14,58,"33,000",Brian Campsall,England,
20 October 1999,England ,Fiji,45–24,45,24,69,"55,000",Clayton Thomas,Wales,
20 October 1999,Scotland ,Samoa,35–20,35,20,55,"20,000",David McHugh,Ireland,
20 October 1999,Argentina ,Ireland,28–24,28,24,52,"22,000",Stuart Dickinson,Australia,
23 October 1999,Wales ,Australia,9–24,9,24,33,"72,000",Colin Hawke,New Zealand,
24 October 1999,South Africa ,England,44–21,44,21,65,"75,000",Jim Fleming,Scotland,
24 October 1999,Scotland ,New Zealand,18–30,18,30,48,"59,750",Ed Morrison,England,
24 October 1999,Argentina ,France,26–47,26,47,73,"40,000",Derek Bevan,Wales,
30 October 1999,Australia,South Africa,27–21,27,21,48,"72,000",Derek Bevan,Wales,
31 October 1999,France,New Zealand,43–31,43,31,74,"70,000",Jim Fleming,Scotland,
4 November 1999,New Zealand ,South Africa,18–22,18,22,40,"60,000",Peter Marshall,Australia,
6 November 1999,Australia ,France,35–12,35,12,47,"72,500",André Watson,South Africa,
10 October 2003,Australia ,Argentina,24–8,24,8,32,"81,350",Paul Honiss,New Zealand,
11 October 2003,Ireland ,Romania,45–17,45,17,62,"19,123",Jonathan Kaplan,South Africa,
14 October 2003,Argentina ,Namibia,67–14,67,14,81,"17,887",Nigel Williams,Wales,
18 October 2003,Australia ,Romania,90–8,90,8,98,"48,778",Pablo Deluca,Argentina,
19 October 2003,Ireland ,Namibia,64–7,64,7,71,"35,382",Andrew Cole,Australia,
22 October 2003,Argentina ,Romania,50–3,50,3,53,"33,673",Chris White,England,
25 October 2003,Australia ,Namibia,142–0,142,0,142,"28,196",Joël Jutge,France,
26 October 2003,Argentina ,Ireland,15–16,15,16,31,"30,203",André Watson,South Africa,
30 October 2003,Namibia ,Romania,7–37,7,37,44,"15,457",Peter Marshall,Australia,
1 November 2003,Australia ,Ireland,17–16,17,16,33,"54,206",Paddy O,New Zealand,
11 October 2003,France ,Fiji,61–18,61,18,79,"46,795",Alain Rolland,Ireland,
12 October 2003,Scotland ,Japan,32–11,32,11,43,"19,170",Stuart Dickinson,Australia,
15 October 2003,Fiji ,United States,19–18,19,18,37,"30,990",Joël Jutge,France,
18 October 2003,France ,Japan,51–29,51,29,80,"21,309",Alan Lewis,Ireland,
20 October 2003,Scotland ,United States,39–15,39,15,54,"46,796",Jonathan Kaplan,South Africa,
23 October 2003,Fiji ,Japan,41–13,41,13,54,"17,269",Nigel Williams,Wales,
25 October 2003,France ,Scotland,51–9,51,9,60,"78,974",David McHugh,Ireland,
27 October 2003,Japan ,United States,26–39,26,39,65,"19,653",Steve Walsh,New Zealand,
31 October 2003,France ,United States,41–14,41,14,55,"17,833",Paul Honiss,New Zealand,
1 November 2003,Scotland ,Fiji,22–20,22,20,42,"37,137",Tony Spreadbury,England,
11 October 2003,South Africa ,Uruguay,72–6,72,6,78,"16,906",Paddy O,New Zealand,
12 October 2003,England ,Georgia,84–6,84,6,90,"25,501",Pablo Deluca,Argentina,
15 October 2003,Samoa ,Uruguay,60–13,60,13,73,"22,020",David McHugh,Ireland,
18 October 2003,South Africa ,England,6–25,6,25,31,"38,834",Peter Marshall,Australia,
19 October 2003,Georgia ,Samoa,9–46,9,46,55,"21,507",Alain Rolland,Ireland,
24 October 2003,South Africa ,Georgia,46–19,46,19,65,"34,308",Stuart Dickinson,Australia,
26 October 2003,England ,Samoa,35–22,35,22,57,"50,647",Jonathan Kaplan,South Africa,
28 October 2003,Georgia ,Uruguay,12–24,12,24,36,"28,576",Kelvin Deaker,New Zealand,
1 November 2003,South Africa ,Samoa,60–10,60,10,70,"48,496",Chris White,England,
2 November 2003,England ,Uruguay,111–13,111,13,124,"46,233",Nigel Williams,Wales,
11 October 2003,New Zealand ,Italy,70–7,70,7,77,"41,715",Andrew Cole,Australia,
12 October 2003,Wales ,Canada,41–10,41,10,51,"24,874",Chris White,England,
15 October 2003,Italy ,Tonga,36–12,36,12,48,"18,967",Steve Walsh,New Zealand,
17 October 2003,New Zealand ,Canada,68–6,68,6,74,"38,899",Tony Spreadbury,England,
19 October 2003,Wales ,Tonga,27–20,27,20,47,"19,806",Paul Honiss,New Zealand,
21 October 2003,Italy ,Canada,19–14,19,14,33,"20,515",Paddy O,New Zealand,
24 October 2003,New Zealand ,Tonga,91–7,91,7,98,"47,588",Pablo Deluca,Argentina,
25 October 2003,Italy ,Wales,15–27,15,27,42,"22,641",Andrew Cole,Australia,
29 October 2003,Canada ,Tonga,24–7,24,7,31,"15,630",Alain Rolland,Ireland,
2 November 2003,New Zealand ,Wales,53–37,53,37,90,"80,012",André Watson,South Africa,
8 November 2003,New Zealand ,South Africa,29–9,29,9,38,"40,734",Tony Spreadbury,England,
8 November 2003,Australia ,Scotland,33–16,33,16,49,"45,412",Steve Walsh,New Zealand,
9 November 2003,France ,Ireland,43–21,43,21,64,"33,134",Jonathan Kaplan,South Africa,
9 November 2003,England ,Wales,28–17,28,17,45,"45,252",Alain Rolland,Ireland,
15 November 2003,New Zealand ,Australia,10–22,10,22,32,"82,444",Chris White,England,
16 November 2003,France ,England,7–24,7,24,31,"82,346",Paddy O,New Zealand,
20 November 2003,New Zealand ,France,40–13,40,13,53,"62,712",Chris White,England,
22 November 2003,Australia ,England,17–20,17,20,37,"82,957",André Watson,South Africa,
8 September 2007,England ,United States,   28–10   ,28,10,38,36755,Jonathan Kaplan,South Africa,18:00
9 September 2007,South Africa ,Samoa,   59–7   ,59,7,66,46575,Paul Honiss,New Zealand,16:00
12 September 2007,United States ,Tonga,   15–25   ,15,25,40,25000,Stuart Dickinson,Australia,14:00
14 September 2007,England ,South Africa,   0–36   ,0,36,36,77523,Joël Jutge,France,21:00
16 September 2007,Samoa ,Tonga,   15–19   ,15,19,34,24128,Jonathan Kaplan,South Africa,16:00
22 September 2007,South Africa ,Tonga,   30–25   ,30,25,55,40069,Wayne Barnes,England,14:00
22 September 2007,England ,Samoa,   44–22   ,44,22,66,37022,Alan Lewis,Ireland,16:00
26 September 2007,Samoa ,United States,   25–21   ,25,21,46,34124,Wayne Barnes,England,20:00
28 September 2007,England ,Tonga,   36–20   ,36,20,56,45085,Alain Rolland,Ireland,21:00
30 September 2007,South Africa ,United States,   64–15   ,64,15,79,28750,Tony Spreadbury,England,20:00
8 September 2007,Australia ,Japan,   91–3   ,91,3,94,40043,Alan Lewis,Ireland,15:45
9 September 2007,Wales ,Canada,   42–17   ,42,17,59,37500,Alain Rolland,Ireland,14:00
12 September 2007,Japan ,Fiji,   31–35   ,31,35,66,34500,Marius Jonker,South Africa,18:00
15 September 2007,Wales ,Australia,   20–32   ,20,32,52,71022,Steve Walsh,New Zealand,14:00
16 September 2007,Fiji ,Canada,   29–16   ,29,16,45,45000,Tony Spreadbury,England,14:00
20 September 2007,Wales ,Japan,   72–18   ,72,18,90,35245,Joël Jutge,France,21:00
23 September 2007,Australia ,Fiji,   55–12   ,55,12,67,32231,Nigel Owens,Wales,14:30
25 September 2007,Canada ,Japan,   12–12   ,12,12,24,33810,Jonathan Kaplan,South Africa,18:00
29 September 2007,Australia ,Canada,   37–6   ,37,6,43,35200,Chris White,England,15:00
29 September 2007,Wales ,Fiji,   34–38   ,34,38,72,37080,Stuart Dickinson,Australia,17:00
8 September 2007,New Zealand ,Italy,   76–14   ,76,14,90,58612,Wayne Barnes,England,13:45
9 September 2007,Scotland ,Portugal,   56–10   ,56,10,66,34162,Steve Walsh,New Zealand,18:00
12 September 2007,Italy ,Romania,   24–18   ,24,18,42,44241,Tony Spreadbury,England,20:00
15 September 2007,New Zealand ,Portugal,   108–13   ,108,13,121,40729,Chris White,England,13:00
18 September 2007,Scotland ,Romania,   42–0   ,42,0,42,31222,Nigel Owens,Wales,21:00
19 September 2007,Italy ,Portugal,   31–5   ,31,5,36,45476,Marius Jonker,South Africa,20:00
23 September 2007,Scotland ,New Zealand,   0–40   ,0,40,40,64558,Marius Jonker,South Africa,17:00
25 September 2007,Romania ,Portugal,   14–10   ,14,10,24,35526,Paul Honiss,New Zealand,20:00
29 September 2007,New Zealand ,Romania,   85–8   ,85,8,93,35608,Joël Jutge,France,13:00
29 September 2007,Scotland ,Italy,   18–16   ,18,16,34,34701,Jonathan Kaplan,South Africa,21:00
7 September 2007,France ,Argentina,   12–17   ,12,17,29,79312,Tony Spreadbury,England,21:00
9 September 2007,Ireland ,Namibia,   32–17   ,32,17,49,33694,Joël Jutge,France,20:00
11 September 2007,Argentina ,Georgia,   33–3   ,33,3,36,40240,Nigel Owens,Wales,20:00
15 September 2007,Ireland ,Georgia,   14–10   ,14,10,24,33807,Wayne Barnes,England,21:00
16 September 2007,France ,Namibia,   87–10   ,87,10,97,35339,Alain Rolland,Ireland,21:00
21 September 2007,France ,Ireland,   25–3   ,25,3,28,80267,Chris White,England,21:00
22 September 2007,Argentina ,Namibia,   63–3   ,63,3,66,55067,Stuart Dickinson,Australia,21:00
26 September 2007,Georgia ,Namibia,   30–0   ,30,0,30,32549,Steve Walsh,New Zealand,18:00
30 September 2007,France ,Georgia,   64–7   ,64,7,71,58695,Alan Lewis,Ireland,15:00
30 September 2007,Ireland ,Argentina,   15–30   ,15,30,45,45450,Paul Honiss,New Zealand,17:00
6 October 2007,Australia ,England,   10–12   ,10,12,22,59102,Alain Rolland,Ireland,15:00
6 October 2007,New Zealand ,France,   18–20   ,18,20,38,71669,Wayne Barnes,England,21:00
7 October 2007,South Africa ,Fiji,   37–20   ,37,20,57,55943,Alan Lewis,Ireland,15:00
7 October 2007,Argentina ,Scotland,   19–13   ,19,13,32,76866,Joël Jutge,France,21:00
13 October 2007,England ,France,   14–9   ,14,9,23,80283,Jonathan Kaplan,South Africa,21:00
14 October 2007,South Africa ,Argentina,   37–13   ,37,13,50,77055,Steve Walsh,New Zealand,21:00
19 October 2007,France ,Argentina,   10–34   ,10,34,44,45958,Paul Honiss,New Zealand,21:00
20 October 2007,England ,South Africa,   6–15   ,6,15,21,80430,Alain Rolland,Ireland,21:00
2011-09-09,New Zealand ,Tonga,   41–10   ,41,10,51,60214,George Clancy,Ireland,20:30
2011-09-10,France ,Japan,   47–21   ,47,21,68,28569,Steve Walsh,Australia,18:00
2011-09-14,Tonga ,Canada,   20–25   ,20,25,45,17174,Jonathan Kaplan,South Africa,17:00
2011-09-16,New Zealand ,Japan,   83–7   ,83,7,90,30484,Nigel Owens,Wales,20:00
2011-09-18,France ,Canada,   46–19   ,46,19,65,14230,Craig Joubert,South Africa,20:30
2011-09-21,Tonga ,Japan,   31–18   ,31,18,49,17364,Dave Pearson,England,19:30
2011-09-24,New Zealand ,France,   37–17   ,37,17,54,60856,Alain Rolland,Ireland,20:30
2011-09-27,Canada ,Japan,   23–23   ,23,23,46,14335,Jonathan Kaplan,South Africa,17:00
2011-10-01,France ,Tonga,   14–19   ,14,19,33,32763,Steve Walsh,Australia,18:00
2011-10-02,New Zealand ,Canada,   79–15   ,79,15,94,37665,Romain Poite,France,15:30
2011-09-10,Scotland ,Romania,   34–24   ,34,24,58,12592,Dave Pearson,England,13:00
2011-09-10,Argentina ,England,   9–13   ,9,13,22,30700,Bryce Lawrence,New Zealand,20:30
2011-09-14,Scotland ,Georgia,   15–6   ,15,6,21,10267,George Clancy,Ireland,19:30
2011-09-17,Argentina ,Romania,   43–8   ,43,8,51,12605,Steve Walsh,Australia,15:30
2011-09-18,England ,Georgia,   41–10   ,41,10,51,20117,Jonathan Kaplan,South Africa,18:00
2011-09-24,England ,Romania,   67–3   ,67,3,70,25687,Romain Poite,France,18:00
2011-09-25,Argentina ,Scotland,   13–12   ,13,12,25,26937,Wayne Barnes,England,20:30
2011-09-28,Georgia ,Romania,   25–9   ,25,9,34,13228,Dave Pearson,England,19:30
2011-10-01,England ,Scotland,   16–12   ,16,12,28,58213,Craig Joubert,South Africa,20:30
2011-10-02,Argentina ,Georgia,   25–7   ,25,7,32,13754,Alain Rolland,Ireland,13:00
2011-09-11,Australia ,Italy,   32–6   ,32,6,38,25731,Alain Rolland,Ireland,15:30
2011-09-11,Ireland ,United States,   22–10   ,22,10,32,20823,Craig Joubert,South Africa,18:00
2011-09-15,Russia ,United States,   6–13   ,6,13,19,13931,Dave Pearson,England,19:30
2011-09-17,Australia ,Ireland,   6–15   ,6,15,21,58678,Bryce Lawrence,New Zealand,20:30
2011-09-20,Italy ,Russia,   53–17   ,53,17,70,12418,Wayne Barnes,England,19:30
2011-09-23,Australia ,United States,   67–5   ,67,5,72,33824,Nigel Owens,Wales,20:30
2011-09-25,Ireland ,Russia,   62–12   ,62,12,74,25661,Craig Joubert,South Africa,18:00
2011-09-27,Italy ,United States,   27–10   ,27,10,37,14997,George Clancy,Ireland,19:30
2011-10-01,Australia ,Russia,   68–22   ,68,22,90,16307,Bryce Lawrence,New Zealand,15:30
2011-10-02,Ireland ,Italy,   36–6   ,36,6,42,28027,Jonathan Kaplan,South Africa,20:30
2011-09-10,Fiji ,Namibia,   49–25   ,49,25,74,10100,Nigel Owens,Wales,15:30
2011-09-11,South Africa ,Wales,   17–16   ,17,16,33,33331,Wayne Barnes,England,20:30
2011-09-14,Samoa ,Namibia,   49–12   ,49,12,61,12752,Romain Poite,France,14:30
2011-09-17,South Africa ,Fiji,   49–3   ,49,3,52,33262,Romain Poite,France,18:00
2011-09-18,Wales ,Samoa,   17–10   ,17,10,27,30804,Alain Rolland,Ireland,15:30
2011-09-22,South Africa ,Namibia,   87–0   ,87,0,87,26839,George Clancy,Ireland,20:00
2011-09-25,Fiji ,Samoa,   7–27   ,7,27,34,60327,Bryce Lawrence,New Zealand,15:30
2011-09-26,Wales ,Namibia,   81–7   ,81,7,88,13710,Steve Walsh,Australia,19:30
2011-09-30,South Africa ,Samoa,   13–5   ,13,5,18,29734,Nigel Owens,Wales,20:30
2011-10-02,Wales ,Fiji,   66–0   ,66,0,66,28476,Wayne Barnes,England,18:00
2011-10-08,Ireland ,Wales,   10–22   ,10,22,32,35787,Craig Joubert,South Africa,18:00
2011-10-08,England ,France,   12–19   ,12,19,31,49105,Steve Walsh,Australia,20:30
2011-10-09,South Africa ,Australia,   9–11   ,9,11,20,34914,Bryce Lawrence,New Zealand,18:00
2011-10-09,New Zealand ,Argentina,   33–10   ,33,10,43,57192,Nigel Owens,Wales,20:30
2011-10-15,Wales ,France,   8–9   ,8,9,17,58630,Alain Rolland,Ireland,21:00
2011-10-16,Australia ,New Zealand,   6–20   ,6,20,26,60087,Craig Joubert,South Africa,21:00
2011-10-21,Wales ,Australia,   18–21   ,18,21,39,53014,Wayne Barnes,England,20:30
2011-10-23,France ,New Zealand,   7–8   ,7,8,15,61079,Craig Joubert,South Africa,21:00
2015-09-18,England ,Fiji,   35–11   ,35,11,46,80015,Jaco Peyper,South Africa,20:00
2015-09-20,Wales ,Uruguay,   54–9   ,54,9,63,71887,Romain Poite,France,14:30
2015-09-23,Australia ,Fiji,   28–13   ,28,13,41,67253,Glen Jackson,New Zealand,16:45
2015-09-26,England ,Wales,   25–28   ,25,28,53,81129,Jérôme Garcès,France,20:00
2015-09-27,Australia ,Uruguay,   65–3   ,65,3,68,39605,Pascal Gaüzère,France,12:00
2015-10-01,Wales ,Fiji,   23–13   ,23,13,36,71576,John Lacey,Ireland,16:45
2015-10-03,England ,Australia,   13–33   ,13,33,46,81010,Romain Poite,France,20:00
2015-10-06,Fiji ,Uruguay,   47–15   ,47,15,62,30048,JP Doyle,England,20:00
2015-10-10,Australia ,Wales,   15–6   ,15,6,21,80863,Craig Joubert,South Africa,16:45
2015-10-10,England ,Uruguay,   60–3   ,60,3,63,50778,Chris Pollock,New Zealand,20:00
2015-09-19,South Africa ,Japan,   32–34   ,32,34,66,29290,Jérôme Garcès,France,16:45
2015-09-20,Samoa ,United States,   25–16   ,25,16,41,29178,George Clancy,Ireland,12:00
2015-09-23,Scotland ,Japan,   45–10   ,45,10,55,14354,John Lacey,Ireland,14:30
2015-09-26,South Africa ,Samoa,   46–6   ,46,6,52,39526,Wayne Barnes,England,16:45
2015-09-27,Scotland ,United States,   39–16   ,39,16,55,33521,Chris Pollock,New Zealand,14:30
2015-10-03,Samoa ,Japan,   5–26   ,5,26,31,29019,Craig Joubert,South Africa,14:30
2015-10-03,South Africa ,Scotland,   34–16   ,34,16,50,50900,Nigel Owens,Wales,16:45
2015-10-07,South Africa ,United States,   64–0   ,64,0,64,54658,Pascal Gaüzère,France,16:45
2015-10-10,Samoa ,Scotland,   33–36   ,33,36,69,51982,Jaco Peyper,South Africa,14:30
2015-10-11,United States ,Japan,   18–28   ,18,28,46,14517,Glen Jackson,New Zealand,20:00
2015-09-19,Tonga ,Georgia,   10–17   ,10,17,27,14200,Nigel Owens,Wales,12:00
2015-09-20,New Zealand ,Argentina,   26–16   ,26,16,42,89019,Wayne Barnes,England,16:45
2015-09-24,New Zealand ,Namibia,   58–14   ,58,14,72,51820,Romain Poite,France,20:00
2015-09-25,Argentina ,Georgia,   54–9   ,54,9,63,14256,JP Doyle,England,16:45
2015-09-29,Tonga ,Namibia,   35–21   ,35,21,56,10103,Glen Jackson,New Zealand,16:45
2015-10-02,New Zealand ,Georgia,   43–10   ,43,10,53,69187,Pascal Gaüzère,France,20:00
2015-10-04,Argentina ,Tonga,   45–16   ,45,16,61,29124,Jaco Peyper,South Africa,14:30
2015-10-07,Namibia ,Georgia,   16–17   ,16,17,33,11156,George Clancy,Ireland,20:00
2015-10-09,New Zealand ,Tonga,   47–9   ,47,9,56,50985,John Lacey,Ireland,20:00
2015-10-11,Argentina ,Namibia,   64–19   ,64,19,83,30198,Pascal Gaüzère,France,12:00
2015-09-19,Ireland ,Canada,   50–7   ,50,7,57,68523,Glen Jackson,New Zealand,14:30
2015-09-19,France ,Italy,   32–10   ,32,10,42,76232,Craig Joubert,South Africa,20:00
2015-09-23,France ,Romania,   38–11   ,38,11,49,50626,Jaco Peyper,South Africa,20:00
2015-09-26,Italy ,Canada,   23–18   ,23,18,41,33120,George Clancy,Ireland,14:30
2015-09-27,Ireland ,Romania,   44–10   ,44,10,54,89267,Craig Joubert,South Africa,16:45
2015-10-01,France ,Canada,   41–18   ,41,18,59,28145,JP Doyle,England,20:00
2015-10-04,Ireland ,Italy,   16–9   ,16,9,25,53187,Jérôme Garcès,France,16:45
2015-10-06,Canada ,Romania,   15–17   ,15,17,32,27153,Wayne Barnes,England,16:45
2015-10-11,Italy ,Romania,   32–22   ,32,22,54,11450,Romain Poite,France,14:30
2015-10-11,France ,Ireland,   9–24   ,9,24,33,72163,Nigel Owens,Wales,16:45
2015-10-17,South Africa ,Wales,   23–19   ,23,19,42,79572,Wayne Barnes,England,16:00
2015-10-17,New Zealand ,France,   62–13   ,62,13,75,71619,Nigel Owens,Wales,20:00
2015-10-18,Ireland ,Argentina,   20–43   ,20,43,63,72316,Jérôme Garcès,France,13:00
2015-10-18,Australia ,Scotland,   35–34   ,35,34,69,77110,Craig Joubert,South Africa,16:00
2015-10-24,South Africa ,New Zealand,   18–20   ,18,20,38,80090,Jérôme Garcès,France,16:00
2015-10-25,Argentina ,Australia,   15–29   ,15,29,44,80025,Wayne Barnes,England,16:00
2015-10-30,South Africa ,Argentina,   24–13   ,24,13,37,55925,John Lacey,Ireland,20:00
2015-10-31,New Zealand ,Australia,   34–17   ,34,17,51,80125,Nigel Owens,Wales,16:00
2019-09-20,Japan ,Russia,   30–10   ,30,10,40,45745,Nigel Owens,Wales,19:45
2019-09-22,Ireland ,Scotland,   27–3   ,27,3,30,63731,Wayne Barnes,England,16:45
2019-09-24,Russia ,Samoa,   9–34   ,9,34,43,22564,Romain Poite,France,19:15
2019-09-28,Japan ,Ireland,   19–12   ,19,12,31,47813,Angus Gardner,Australia,16:15
2019-09-30,Scotland ,Samoa,   34–0   ,34,0,34,27586,Pascal Gaüzère,France,19:15
2019-10-03,Ireland ,Russia,   35–0   ,35,0,35,26856,Jérôme Garcès,France,19:15
2019-10-05,Japan ,Samoa,   38–19   ,38,19,57,39695,Jaco Peyper,South Africa,19:30
2019-10-09,Scotland ,Russia,   61–0   ,61,0,61,44123,Wayne Barnes,England,16:15
2019-10-12,Ireland ,Samoa,   47–5   ,47,5,52,17967,Nic Berry,Australia,19:45
2019-10-13,Japan ,Scotland,   28–21   ,28,21,49,67666,Ben O,New Zealand,19:45
2019-09-21,New Zealand ,South Africa,   23–13   ,23,13,36,63649,Jérôme Garcès,France,18:45
2019-09-22,Italy ,Namibia,   47–22   ,47,22,69,20354,Nic Berry,Australia,14:15
2019-09-26,Italy ,Canada,   48–7   ,48,7,55,16984,Nigel Owens,Wales,16:45
2019-09-28,South Africa ,Namibia,   57–3   ,57,3,60,36449,Mathieu Raynal,France,18:45
2019-10-02,New Zealand ,Canada,   63–0   ,63,0,63,34411,Romain Poite,France,19:15
2019-10-04,South Africa ,Italy,   49–3   ,49,3,52,44148,Wayne Barnes,England,18:45
2019-10-06,New Zealand ,Namibia,   71–9   ,71,9,80,48354,Pascal Gaüzère,France,13:45
2019-10-08,South Africa ,Canada,   66–7   ,66,7,73,28014,Luke Pearce,England,19:15
2019-10-12,New Zealand ,Italy,   0–0   ,0,0,0,0,Luke Pearce,England,13:45
2019-10-13,Namibia ,Canada,   0–0   ,0,0,0,0,Paul Williams,New Zealand,12:15
2019-09-21,France ,Argentina,   23–21   ,23,21,44,40004,Angus Gardner,Australia,16:15
2019-09-22,England ,Tonga,   35–3   ,35,3,38,35923,Paul Williams,New Zealand,19:15
2019-09-26,England ,United States,   45–7   ,45,7,52,27194,Nic Berry,Australia,19:45
2019-09-28,Argentina ,Tonga,   28–12   ,28,12,40,21971,Jaco Peyper,South Africa,13:45
2019-10-02,France ,United States,   33–9   ,33,9,42,17660,Ben O,New Zealand,16:45
2019-10-05,England ,Argentina,   39–10   ,39,10,49,48185,Nigel Owens,Wales,17:00
2019-10-06,France ,Tonga,   23–21   ,23,21,44,28477,Nic Berry,Australia,16:45
2019-10-09,Argentina ,United States,   47–17   ,47,17,64,24377,Paul Williams,New Zealand,13:45
2019-10-12,England ,France,   0–0   ,0,0,0,0,Jaco Peyper,South Africa,17:15
2019-10-13,United States ,Tonga,   19–31   ,19,31,50,22012,Nigel Owens,Wales,14:45
2019-09-21,Australia ,Fiji,   39–21   ,39,21,60,36482,Ben O,New Zealand,13:45
2019-09-23,Wales ,Georgia,   43–14   ,43,14,57,35546,Luke Pearce,England,19:15
2019-09-25,Fiji ,Uruguay,   27–30   ,27,30,57,14025,Pascal Gaüzère,France,14:15
2019-09-29,Georgia ,Uruguay,   33–7   ,33,7,40,24895,Wayne Barnes,England,14:15
2019-09-29,Australia ,Wales,   25–29   ,25,29,54,47885,Romain Poite,France,16:45
2019-10-03,Georgia ,Fiji,   10–45   ,10,45,55,21069,Paul Williams,New Zealand,14:15
2019-10-05,Australia ,Uruguay,   45–10   ,45,10,55,33781,Mathieu Raynal,France,14:15
2019-10-09,Wales ,Fiji,   29–17   ,29,17,46,33379,Jérôme Garcès,France,18:45
2019-10-11,Australia ,Georgia,   27–8   ,27,8,35,39802,Pascal Gaüzère,France,19:15
2019-10-13,Wales ,Uruguay,   35–13   ,35,13,48,27317,Angus Gardner,Australia,17:15
2019-10-19,England ,Australia,   40–16   ,40,16,56,36954,Jérôme Garcès,France,16:15
2019-10-19,New Zealand ,Ireland,   46–14   ,46,14,60,46686,Nigel Owens,Wales,19:15
2019-10-20,Wales ,France,   20–19   ,20,19,39,34426,Jaco Peyper,South Africa,16:15
2019-10-20,Japan ,South Africa,   3–26   ,3,26,29,48831,Wayne Barnes,England,19:15
2019-10-26,England ,New Zealand,   19–7   ,19,7,26,68843,Nigel Owens,Wales,17:00
2019-10-27,Wales ,South Africa,   16–19   ,16,19,35,67750,Jérôme Garcès,France,18:00
2019-11-01,New Zealand ,Wales,   40–17   ,40,17,57,48842,Wayne Barnes,England,18:00
2019-11-02,England ,South Africa,   12–32   ,12,32,44,70103,Jérôme Garcès,France,18:00
